insert into hospital values('42460d02-b1b1-4415-aa4f-ba54d933e6b8','Beth Israel');
insert into hospital values('4ef1b327-281b-4a88-97fb-c22efc017c2e','Mass General');
insert into hospital values('413891f8-dcbf-4c9a-b7ab-df059893b4af','Brigham');
insert into hospital values('be5f08d8-428e-4f32-8344-f7e1e796218a','Tufts');

insert into provider values('fa99ff91-b3a4-49ba-9288-f698629504db','Adam','David','Jones');
insert into provider values('d081a0d1-aeb3-429f-ac61-ba90c4844414','Alice','','David');
insert into provider values('82fa1e5e-ddd0-4e45-a589-dd4091f617df','Barry','','David');
insert into provider values('a0dab8f5-e695-4698-9096-6e48820918e9','Cassandra','','Norman');
insert into provider values('f4881b43-33dc-4b9f-854f-cb8a704a91b5','Xander','','Kaufield');
insert into provider values('f0082e80-be8a-4f86-b202-57d5e063a1f7','Matthew','','Reynolds');
insert into provider values('68ee38ba-c0e5-448e-9adc-54b124a3b866','Rebel','','Williams');
insert into provider values('8a80d583-418d-4b8c-80de-8ac86b49261e','Jack','','Nathans');

insert into hospital_provider values('c20f0adf-953f-4f47-b930-c47cdb46fbe6','42460d02-b1b1-4415-aa4f-ba54d933e6b8','fa99ff91-b3a4-49ba-9288-f698629504db');
insert into hospital_provider values('9e4a46da-b125-4d64-868b-3267be03e64b','42460d02-b1b1-4415-aa4f-ba54d933e6b8','d081a0d1-aeb3-429f-ac61-ba90c4844414');
insert into hospital_provider values('1567df78-7e1f-4ece-acf5-a2373e4a530a','42460d02-b1b1-4415-aa4f-ba54d933e6b8','82fa1e5e-ddd0-4e45-a589-dd4091f617df');
insert into hospital_provider values('88090aae-79ba-4cd9-98ef-d6718bd630c1','42460d02-b1b1-4415-aa4f-ba54d933e6b8','a0dab8f5-e695-4698-9096-6e48820918e9');
insert into hospital_provider values('83e71d8b-cf1b-44d8-91ab-95cc72e17032','4ef1b327-281b-4a88-97fb-c22efc017c2e','f4881b43-33dc-4b9f-854f-cb8a704a91b5');
insert into hospital_provider values('2b4d68a4-c083-4753-92d8-85b4e3b8dea8','4ef1b327-281b-4a88-97fb-c22efc017c2e','f0082e80-be8a-4f86-b202-57d5e063a1f7');
insert into hospital_provider values('a3d1cc68-bd85-4f8c-8f7c-7676f7eee571','4ef1b327-281b-4a88-97fb-c22efc017c2e','68ee38ba-c0e5-448e-9adc-54b124a3b866');
insert into hospital_provider values('048de064-321a-4554-8bc9-ef77bf458e3f','4ef1b327-281b-4a88-97fb-c22efc017c2e','82fa1e5e-ddd0-4e45-a589-dd4091f617df');
insert into hospital_provider values('14cd7020-c68e-426d-8ef4-9115223d4d58','413891f8-dcbf-4c9a-b7ab-df059893b4af','8a80d583-418d-4b8c-80de-8ac86b49261e');
insert into hospital_provider values('8427f4ed-177b-4905-bf26-38229fa46951','413891f8-dcbf-4c9a-b7ab-df059893b4af','68ee38ba-c0e5-448e-9adc-54b124a3b866');
insert into hospital_provider values('63d76c7f-7ad7-4ef1-b019-6a40f9394715','413891f8-dcbf-4c9a-b7ab-df059893b4af','d081a0d1-aeb3-429f-ac61-ba90c4844414');
insert into hospital_provider values('aba857ce-5215-4ee8-b781-ba16e1d45a65','be5f08d8-428e-4f32-8344-f7e1e796218a','68ee38ba-c0e5-448e-9adc-54b124a3b866');
insert into hospital_provider values('6ad33dc5-9838-4365-8509-288411c09195','be5f08d8-428e-4f32-8344-f7e1e796218a','f0082e80-be8a-4f86-b202-57d5e063a1f7');
insert into hospital_provider values('2e0e3051-ae6c-4574-9da2-8fd2673f3e2f','be5f08d8-428e-4f32-8344-f7e1e796218a','fa99ff91-b3a4-49ba-9288-f698629504db');

insert into patient values('82968bc2-b5a2-4528-9c52-fb612986dd52','Damien','Robert','Johnson');
insert into patient values('a79c837d-df98-48c6-824d-246ca50a3eff','Emmalee','','Levine');
insert into patient values('7ba68405-2f71-48ff-bdad-365fcf28da1a','Milagros','','Levine');
insert into patient values('cfb0d232-ddaf-4c67-ab03-359d2bd09c22','Branson','','Huerta');
insert into patient values('2ca4ca3c-70e9-4d01-908a-ad48b2f3d3e5','Megan','','Daniels');
insert into patient values('a36419fc-50a0-433f-b56e-474e2416c407','Maya','','Ritter');
insert into patient values('fb2c18af-dc8d-4203-b5a0-a7bd66f0936b','Danika','','Maynard');
insert into patient values('d2dd4fd3-714a-4398-b867-d287dad06f0d','Quinten','','Tucker');
insert into patient values('426c463f-63fe-45a6-b016-ef1fc9d1f2fd','Anabel','','Johnson');
insert into patient values('aad20b30-79b4-42c1-9978-eb8fdd05fccf','Giovani','','Montes');
insert into patient values('cf07ef08-b0b1-41f9-8e76-80b863c183d4','Jovanny','','Christensen');
insert into patient values('b86492d6-604c-43c9-8dc3-1f18e1c2bea3','Jeffrey','','Parker');
insert into patient values('e6cdd7cd-a73b-4bef-a0b9-1ac5981b02ec','Ellie','','Rivas');
insert into patient values('acf67b60-fac1-4e40-9974-9f60d5cb2efb','Karli','','Mays');
insert into patient values('9cb795ac-3334-4957-8c1e-32d83c026027','Lilly','','Thompson');
insert into patient values('a0f0d256-6715-487c-9716-0bb66e7b0f8f','Shaun','','Roberson');
insert into patient values('0183d7dd-d414-4dc1-9741-483bb24cbb39','Elisabeth','','Peterson');
insert into patient values('ab7c9cce-4ae0-448f-88b2-f92ab5a05a1e','Journey','','Duarte');
insert into patient values('b35bac15-95a4-4d26-a6c7-e4d5015f43b8','Monica','','Burns');
insert into patient values('2a7fff00-4724-4244-91df-b5dc2bbced69','Melanie','','Norman');
insert into patient values('09ffea75-9c4b-4679-acf6-48147be91cdb','Abraham','','Miranda');
insert into patient values('5e7ec4b6-deee-42ae-ae8d-2381451f03f6','Matthew','','Reynolds');
insert into patient values('b894f32d-d5ed-4223-9752-9dba9c5dd7e3','Selena','','Levy');
insert into patient values('4cb163a3-1071-4f19-8fd2-92f9fa2e4a00','Jaliyah','','Valentine');
insert into patient values('b707ce3b-a0ef-46d1-ad77-6e2e00376fdd','Krista','','Spence');
insert into patient values('d718dbee-07e8-48a5-92c4-549ddd8ef06e','Kaeden','','Hopkins');
insert into patient values('e9eed1f2-b84d-4a57-aa00-a1c5e708608a','Emelia','','Lam');
insert into patient values('9e5604e2-923b-4ec0-b89e-3eb943fe54b5','Randall','','Rollins');
insert into patient values('7b0798d5-171f-4efb-8fbb-b8a79f470cc4','Savanna','','Short');
insert into patient values('2197a7f1-be44-48ac-b166-0e6f3c7e2b02','Julian','','Joyce');
insert into patient values('8f1267f2-cde0-4b1e-aca9-365cba7ff269','Erin','','Villegas');
insert into patient values('bbdaf573-5c5b-49a8-bbbc-5bf6f5f3acb7','Drake','','Rasmussen');
insert into patient values('91f84e60-0f26-4992-907a-67bcd3b4af3e','Landen','','Knight');
insert into patient values('2aa68a51-5df5-4dc6-b651-2e825168af90','Carina','','Fuller');
insert into patient values('18460b96-5bf7-4da5-babe-7b851b99dc5d','Simon','','Castro');
insert into patient values('d83d93ea-cccc-4aea-8708-983df1489043','Mohammed','','Clayton');
insert into patient values('c4b36296-7383-4380-a0ed-ee72a79b4c9c','Jaylen','','Chaney');
insert into patient values('05b31738-0f24-462e-b296-4a01d9595fb4','Jeffrey','','Hernandez');
insert into patient values('22ae2661-638b-482d-a6e8-ca8819748aea','Ashlyn','','Sellers');

insert into provider_patient values('c3f9eecb-af19-4feb-b929-a9b107de5694','82968bc2-b5a2-4528-9c52-fb612986dd52','c20f0adf-953f-4f47-b930-c47cdb46fbe6', true);
insert into provider_patient values('12b68363-7b4e-41ad-8a05-205cdc23f6c0','a79c837d-df98-48c6-824d-246ca50a3eff','c20f0adf-953f-4f47-b930-c47cdb46fbe6', true);
insert into provider_patient values('6a1e8e61-4b9d-47a0-b611-268794e40201','7ba68405-2f71-48ff-bdad-365fcf28da1a','c20f0adf-953f-4f47-b930-c47cdb46fbe6', true);
insert into provider_patient values('77918cc5-4cdb-4c0a-b3a2-06f6f0a5f768','cfb0d232-ddaf-4c67-ab03-359d2bd09c22','c20f0adf-953f-4f47-b930-c47cdb46fbe6', true);
insert into provider_patient values('0d2fc893-4fd6-415f-b612-c9df02c5a46b','cfb0d232-ddaf-4c67-ab03-359d2bd09c22','9e4a46da-b125-4d64-868b-3267be03e64b', true);
insert into provider_patient values('56190018-89bc-4019-b0f0-d82d1aafb552','2ca4ca3c-70e9-4d01-908a-ad48b2f3d3e5','9e4a46da-b125-4d64-868b-3267be03e64b', true);
insert into provider_patient values('952f5e41-ed45-4cb2-b365-049b47c17757','a36419fc-50a0-433f-b56e-474e2416c407','9e4a46da-b125-4d64-868b-3267be03e64b', true);
insert into provider_patient values('2d76841a-7e6a-443f-acac-f1a85d559c5e','fb2c18af-dc8d-4203-b5a0-a7bd66f0936b','9e4a46da-b125-4d64-868b-3267be03e64b', true);
insert into provider_patient values('2309f278-3416-4edf-ac6d-2ab7577f2662','d2dd4fd3-714a-4398-b867-d287dad06f0d','9e4a46da-b125-4d64-868b-3267be03e64b', true);
insert into provider_patient values('dfc109f3-fe6b-421e-bb8e-fa4175dafa7b','426c463f-63fe-45a6-b016-ef1fc9d1f2fd','9e4a46da-b125-4d64-868b-3267be03e64b', true);
insert into provider_patient values('546d57c4-6b81-4b19-b356-5a7791044452','426c463f-63fe-45a6-b016-ef1fc9d1f2fd','1567df78-7e1f-4ece-acf5-a2373e4a530a', true);
insert into provider_patient values('ec1133e7-2be4-44e0-a640-62bf8cd5862a','aad20b30-79b4-42c1-9978-eb8fdd05fccf','1567df78-7e1f-4ece-acf5-a2373e4a530a', true);
insert into provider_patient values('39e88c72-ad63-4652-8d9f-af9a2315f293','cf07ef08-b0b1-41f9-8e76-80b863c183d4','1567df78-7e1f-4ece-acf5-a2373e4a530a', true);
insert into provider_patient values('cc24cd98-1cf9-47e1-9172-b70806be6448','b86492d6-604c-43c9-8dc3-1f18e1c2bea3','1567df78-7e1f-4ece-acf5-a2373e4a530a', true);
insert into provider_patient values('a560a9b4-f6eb-4ec9-9b42-ad5895b2932f','e6cdd7cd-a73b-4bef-a0b9-1ac5981b02ec','1567df78-7e1f-4ece-acf5-a2373e4a530a', true);
insert into provider_patient values('88176777-af6e-4082-a669-12703a3849f4','acf67b60-fac1-4e40-9974-9f60d5cb2efb','1567df78-7e1f-4ece-acf5-a2373e4a530a', true);
insert into provider_patient values('aa15bb17-5969-48fc-bbba-9bfd25716936','9cb795ac-3334-4957-8c1e-32d83c026027','1567df78-7e1f-4ece-acf5-a2373e4a530a', true);
insert into provider_patient values('ffd0706b-7d1f-42f5-85e0-4d3842290950','a0f0d256-6715-487c-9716-0bb66e7b0f8f','1567df78-7e1f-4ece-acf5-a2373e4a530a', true);
insert into provider_patient values('3ddf6cf6-f0c6-4e4f-ba3e-031c2f4f06c0','0183d7dd-d414-4dc1-9741-483bb24cbb39','1567df78-7e1f-4ece-acf5-a2373e4a530a', true);
insert into provider_patient values('0e5c1929-6c64-463d-9092-13f30e027f6f','0183d7dd-d414-4dc1-9741-483bb24cbb39','88090aae-79ba-4cd9-98ef-d6718bd630c1', true);
insert into provider_patient values('9449f1fb-0715-498c-9951-99f20374d2f7','ab7c9cce-4ae0-448f-88b2-f92ab5a05a1e','88090aae-79ba-4cd9-98ef-d6718bd630c1', true);
insert into provider_patient values('cf6a2772-eb93-4abe-879e-f2b62131e048','b35bac15-95a4-4d26-a6c7-e4d5015f43b8','88090aae-79ba-4cd9-98ef-d6718bd630c1', true);
insert into provider_patient values('cc3ecb56-9647-46ec-83da-714dc84d972c','2a7fff00-4724-4244-91df-b5dc2bbced69','88090aae-79ba-4cd9-98ef-d6718bd630c1', true);
insert into provider_patient values('a5c3fd0c-c254-4f01-946d-03d19249b573','09ffea75-9c4b-4679-acf6-48147be91cdb','88090aae-79ba-4cd9-98ef-d6718bd630c1', true);
insert into provider_patient values('b1cb454b-fed8-4ee4-a2b9-b6bdf0201f1d','5e7ec4b6-deee-42ae-ae8d-2381451f03f6','88090aae-79ba-4cd9-98ef-d6718bd630c1', true);
insert into provider_patient values('90fef74f-9424-4011-8ee0-1c28d2dd6081','5e7ec4b6-deee-42ae-ae8d-2381451f03f6','83e71d8b-cf1b-44d8-91ab-95cc72e17032', true);
insert into provider_patient values('abd6b780-d6b0-490e-bfd7-f8a34a6272ce','5e7ec4b6-deee-42ae-ae8d-2381451f03f6','2b4d68a4-c083-4753-92d8-85b4e3b8dea8', true);
insert into provider_patient values('651759b6-246b-4245-9bb5-a10be3696215','b894f32d-d5ed-4223-9752-9dba9c5dd7e3','83e71d8b-cf1b-44d8-91ab-95cc72e17032', true);
insert into provider_patient values('3a14cdfe-d5f3-431a-adb5-8e4dc7b40815','4cb163a3-1071-4f19-8fd2-92f9fa2e4a00','83e71d8b-cf1b-44d8-91ab-95cc72e17032', true);
insert into provider_patient values('8eaf0d45-420e-40f6-a17c-9044328999fc','b707ce3b-a0ef-46d1-ad77-6e2e00376fdd','83e71d8b-cf1b-44d8-91ab-95cc72e17032', true);
insert into provider_patient values('96fcee4a-3fd0-4844-bebb-6cf3fc07bfb6','d718dbee-07e8-48a5-92c4-549ddd8ef06e','2b4d68a4-c083-4753-92d8-85b4e3b8dea8', true);
insert into provider_patient values('31d209db-da5d-4692-a51a-ade2139a3439','e9eed1f2-b84d-4a57-aa00-a1c5e708608a','2b4d68a4-c083-4753-92d8-85b4e3b8dea8', true);
insert into provider_patient values('3fe77e22-ccc9-4ada-a0b8-8d5dbb993fda','9e5604e2-923b-4ec0-b89e-3eb943fe54b5','2b4d68a4-c083-4753-92d8-85b4e3b8dea8', true);
insert into provider_patient values('103be6c2-5941-443c-9921-ac075ef201ba','7b0798d5-171f-4efb-8fbb-b8a79f470cc4','2b4d68a4-c083-4753-92d8-85b4e3b8dea8', true);
insert into provider_patient values('108f3694-36d9-4788-8d85-df3b8a54140e','7b0798d5-171f-4efb-8fbb-b8a79f470cc4','048de064-321a-4554-8bc9-ef77bf458e3f', true);
insert into provider_patient values('2033c6c6-9a8c-475c-baae-8473236fea1b','2197a7f1-be44-48ac-b166-0e6f3c7e2b02','a3d1cc68-bd85-4f8c-8f7c-7676f7eee571', true);
insert into provider_patient values('2df5b707-69a8-48bf-abe9-b41e08d299cb','8f1267f2-cde0-4b1e-aca9-365cba7ff269','a3d1cc68-bd85-4f8c-8f7c-7676f7eee571', true);
insert into provider_patient values('7862879a-ef0f-4ff9-bbbd-9b2251e8a496','bbdaf573-5c5b-49a8-bbbc-5bf6f5f3acb7','a3d1cc68-bd85-4f8c-8f7c-7676f7eee571', true);
insert into provider_patient values('580cc6a3-918d-44e0-9188-ce3de575c80f','91f84e60-0f26-4992-907a-67bcd3b4af3e','048de064-321a-4554-8bc9-ef77bf458e3f', true);
insert into provider_patient values('73d922ef-13bf-4b97-aabe-6604b10b55a8','2aa68a51-5df5-4dc6-b651-2e825168af90','14cd7020-c68e-426d-8ef4-9115223d4d58', true);
insert into provider_patient values('538ed738-95c3-4706-9e33-83df58312840','18460b96-5bf7-4da5-babe-7b851b99dc5d','14cd7020-c68e-426d-8ef4-9115223d4d58', true);
insert into provider_patient values('0bde79c4-388f-4b6a-8f6c-2933d01fe25b','d83d93ea-cccc-4aea-8708-983df1489043','14cd7020-c68e-426d-8ef4-9115223d4d58', true);
insert into provider_patient values('484a4f7f-858f-48f2-8d99-b8cc6c637ab4','c4b36296-7383-4380-a0ed-ee72a79b4c9c','14cd7020-c68e-426d-8ef4-9115223d4d58', true);
insert into provider_patient values('b6a31655-0d05-4e81-8657-c38d447ae8ca','05b31738-0f24-462e-b296-4a01d9595fb4','14cd7020-c68e-426d-8ef4-9115223d4d58', true);
insert into provider_patient values('c35ffa06-0e85-4bf3-a489-af4ba6ec96b3','05b31738-0f24-462e-b296-4a01d9595fb4','8427f4ed-177b-4905-bf26-38229fa46951', true);
insert into provider_patient values('9c0c7231-9a7d-4785-bea5-ed220e34c8b7','05b31738-0f24-462e-b296-4a01d9595fb4','63d76c7f-7ad7-4ef1-b019-6a40f9394715', true);
insert into provider_patient values('28a8a946-43cc-4b26-bf40-ec8d28c0e20b','22ae2661-638b-482d-a6e8-ca8819748aea','aba857ce-5215-4ee8-b781-ba16e1d45a65', true);
